CCAA,Usuario_Experto_Pct
Castilla - La Mancha,20.457730032695004
Cataluña,20.12207198285951
"Rioja, La",18.606870229007633
Melilla,17.77777777777778
"Madrid, Comunidad de",17.673976478910603
