CCAA,Usuario_Experto_Pct
Castilla - La Mancha,20.457730032695004
Cataluña,20.12207198285951
"Rioja, La",18.606870229007633
