CCAA,Brecha_Digital_Pct
Melilla,28.195277777777775
Andalucía,27.436913191303535
Ceuta,27.429467084639498
